<?xml version="1.0" encoding="UTF-8"?>
<beans xmlns="http://www.springframework.org/schema/beans" xmlns:xsi="http://www.w3.org/2001/XMLSchema-instance"
	xsi:schemaLocation="http://www.springframework.org/schema/beans http://www.springframework.org/schema/beans/spring-beans-3.1.xsd">

	<description>导入ShowCase中的applicationContext文件列表</description>

	<import resource="cache/applicationContext-ehcache.xml" />
	<import resource="cache/applicationContext-memcached.xml" />
	<import resource="email/applicationContext-email.xml" />
	<import resource="jms/applicationContext-jms-simple.xml" />
	<import resource="jms/applicationContext-jms-advanced.xml" />
	<import resource="jmx/applicationContext-jmx.xml" />
	<import resource="schedule/applicationContext-jdk-timer.xml" />
	<import resource="schedule/applicationContext-spring-scheduler.xml" />
	<import resource="schedule/applicationContext-quartz-cron-local.xml" />
	<import resource="schedule/applicationContext-quartz-timer-cluster.xml" />
	<import resource="security/applicationContext-shiro.xml" />
	<import resource="webservice/applicationContext-soap-server.xml" />
	<import resource="webservice/applicationContext-jaxrs-server.xml" />
</beans>