<?xml version="1.0" encoding="UTF-8"?>
<beans xmlns="http://www.springframework.org/schema/beans" xmlns:xsi="http://www.w3.org/2001/XMLSchema-instance"
	xmlns:aop="http://www.springframework.org/schema/aop" xmlns:context="http://www.springframework.org/schema/context" 
	xmlns:jdbc="http://www.springframework.org/schema/jdbc" xmlns:tx="http://www.springframework.org/schema/tx"
	xmlns:jpa="http://www.springframework.org/schema/data/jpa"
	xsi:schemaLocation="
		http://www.springframework.org/schema/beans http://www.springframework.org/schema/beans/spring-beans-3.1.xsd
		http://www.springframework.org/schema/aop http://www.springframework.org/schema/aop/spring-aop-3.1.xsd
		http://www.springframework.org/schema/context http://www.springframework.org/schema/context/spring-context-3.1.xsd
		http://www.springframework.org/schema/jdbc http://www.springframework.org/schema/jdbc/spring-jdbc-3.1.xsd
		http://www.springframework.org/schema/tx http://www.springframework.org/schema/tx/spring-tx-3.1.xsd
		http://www.springframework.org/schema/data/jpa http://www.springframework.org/schema/data/jpa/spring-jpa.xsd"
		default-lazy-init="true">

	<description>Spring公共配置</description>

	<!-- 使用annotation 自动注册bean,并检查@Required,@Autowired的属性已被注入 -->
	<context:component-scan base-package="org.springside.examples.showcase">
		<context:exclude-filter type="annotation" expression="org.springframework.stereotype.Controller"/>
	</context:component-scan>

	<!-- Jpa Entity Manager 配置 -->
	<bean id="entityManagerFactory" class="org.springframework.orm.jpa.LocalContainerEntityManagerFactoryBean">
		<property name="dataSource" ref="dataSource"/>
		<property name="jpaVendorAdapter" ref="hibernateJpaVendorAdapter"/>
		<property name="packagesToScan" value="org.springside.examples.showcase"/>
		<property name="jpaProperties">
			<props>
				<prop key="hibernate.cache.region.factory_class">org.hibernate.cache.ehcache.EhCacheRegionFactory</prop>
				<prop key="net.sf.ehcache.configurationResourceName">cache/ehcache-hibernate-local.xml</prop>
				<prop key="hibernate.ejb.naming_strategy">org.hibernate.cfg.ImprovedNamingStrategy</prop>
			</props>
		</property>
	</bean>
	
	<bean id="hibernateJpaVendorAdapter" class="org.springframework.orm.jpa.vendor.HibernateJpaVendorAdapter">
		<property name="databasePlatform">
			<bean factory-method="getDialect" class="org.springside.modules.persistence.Hibernates">
				<constructor-arg ref="dataSource"/>
			</bean>
		</property>
	</bean>

	<!-- Spring Data Jpa配置, 扫描base-package下所有继承于Repository<T,ID>的接口 -->
 	<jpa:repositories base-package="org.springside.examples.showcase" transaction-manager-ref="transactionManager" entity-manager-factory-ref="entityManagerFactory"/>
	
	<!-- MyBatis配置 -->
	<bean id="sqlSessionFactory" class="org.mybatis.spring.SqlSessionFactoryBean">
		<property name="dataSource" ref="dataSource" />
		<!-- 自动扫描entity目录, 省掉Configuration.xml里的手工配置 -->
		<property name="typeAliasesPackage" value="org.springside.examples.showcase.entity" />
		<!-- 显式指定Mapper文件位置 -->
		<property name="mapperLocations" value="classpath:/mybatis/*Mapper.xml" />
	</bean>
	<!-- 扫描basePackage下所有以@MyBatisRepository标识的 接口-->
	<bean class="org.mybatis.spring.mapper.MapperScannerConfigurer">
		<property name="basePackage" value="org.springside.examples.showcase" />
		<property name="annotationClass" value="org.springside.examples.showcase.repository.mybatis.MyBatisRepository"/>
	</bean>
	
	<!-- 事务管理器配置, Jpa单数据源事务 -->
	<bean id="transactionManager" class="org.springframework.orm.jpa.JpaTransactionManager">
		<property name="entityManagerFactory" ref="entityManagerFactory"/>
	</bean>

	<!-- 另一个事务管理器, Jdbc单数据源事务 -->
	<bean id="quartzTransactionManager" class="org.springframework.jdbc.datasource.DataSourceTransactionManager">
		<property name="dataSource" ref="quartzDataSource" />
	</bean>

	<!-- 使用annotation定义事务 -->
	<tx:annotation-driven transaction-manager="transactionManager" proxy-target-class="true" />
	
	<!-- 定义aspectj -->
	<aop:aspectj-autoproxy proxy-target-class="true"/>

	<!-- hibernate validator -->
	<bean id="validator" class="org.springframework.validation.beanvalidation.LocalValidatorFactoryBean"/>

	<!-- production环境 -->
	<beans profile="production">
		<context:property-placeholder ignore-resource-not-found="true"
			location="classpath*:/application.properties" />	

		<!-- 数据源配置,使用应用内的DBCP数据库连接池 -->
		<bean id="dataSource" class="org.apache.commons.dbcp.BasicDataSource" destroy-method="close">
			<!-- Connection Info -->
			<property name="driverClassName" value="${jdbc.driver}" />
			<property name="url" value="${jdbc.url}" />
			<property name="username" value="${jdbc.username}" />
			<property name="password" value="${jdbc.password}" />
			<property name="defaultAutoCommit" value="false" />
		</bean>
	
		<!-- quartz使用的数据源配置 -->
		<bean id="quartzDataSource"  class="org.apache.commons.dbcp.BasicDataSource" destroy-method="close">
			<property name="driverClassName" value="${quartz.jdbc.driver}" />
			<property name="url" value="${quartz.jdbc.url}" />
			<property name="username" value="${quartz.jdbc.username}" />
			<property name="password" value="${quartz.jdbc.password}" />
			<property name="defaultAutoCommit" value="false" />
		</bean>
	</beans>
	
	<!-- local development环境 -->
	<beans profile="development">
		<context:property-placeholder ignore-resource-not-found="true"
			location="classpath*:/application.properties,
          			  classpath*:/application.development.properties" />	

		<!-- DBCP连接池 -->
		<bean id="dataSource" class="org.apache.commons.dbcp.BasicDataSource" destroy-method="close">
			<property name="driverClassName" value="${jdbc.driver}" />
			<property name="url" value="${jdbc.url}" />
			<property name="username" value="${jdbc.username}" />
			<property name="password" value="${jdbc.password}" />
			<property name="defaultAutoCommit" value="false" />
		</bean>
		
		<!-- Simple连接池 for quartz -->
		<bean id="quartzDataSource" class="org.springframework.jdbc.datasource.SimpleDriverDataSource">
			<property name="driverClass" value="${quartz.jdbc.driver}" />
			<property name="url" value="${quartz.jdbc.url}" />
			<property name="username" value="${quartz.jdbc.username}" />
			<property name="password" value="${quartz.jdbc.password}" />
		</bean>
	</beans>

	<!-- functional test环境 -->
	<beans profile="functional">
		<context:property-placeholder ignore-resource-not-found="true"
			location="classpath*:/application.properties,
          			  classpath*:/application.functional.properties,
          			  classpath*:/application.functional-local.properties" />	
		
		<!-- DBCP连接池 -->
		<bean id="dataSource" class="org.apache.commons.dbcp.BasicDataSource" destroy-method="close">
			<property name="driverClassName" value="${jdbc.driver}" />
			<property name="url" value="${jdbc.url}" />
			<property name="username" value="${jdbc.username}" />
			<property name="password" value="${jdbc.password}" />
			<property name="defaultAutoCommit" value="false" />
		</bean>
			
		<!-- Simple连接池 for quartz -->
		<bean id="quartzDataSource" class="org.springframework.jdbc.datasource.SimpleDriverDataSource">
			<property name="driverClass" value="${quartz.jdbc.driver}" />
			<property name="url" value="${quartz.jdbc.url}" />
			<property name="username" value="${quartz.jdbc.username}" />
			<property name="password" value="${quartz.jdbc.password}" />
		</bean>
				
		<!-- 初始化数据结构 -->
		<jdbc:initialize-database data-source="dataSource" ignore-failures="ALL">
			<jdbc:script location="classpath:sql/h2/schema.sql" />
		</jdbc:initialize-database>

		<jdbc:initialize-database data-source="quartzDataSource" ignore-failures="ALL">
			<jdbc:script location="classpath:sql/h2/quartz.sql" />
		</jdbc:initialize-database>
	</beans>
	
	<!-- unit test环境 -->
	<beans profile="test">
		<context:property-placeholder ignore-resource-not-found="true"
			location="classpath*:/application.properties,
          			  classpath*:/application.test.properties" />	
		
		<!-- Simple连接池 -->
		<bean id="dataSource" class="org.springframework.jdbc.datasource.SimpleDriverDataSource">
			<property name="driverClass" value="${jdbc.driver}" />
			<property name="url" value="${jdbc.url}" />
			<property name="username" value="${jdbc.username}" />
			<property name="password" value="${jdbc.password}" />	
		</bean>
			
		<!-- Simple连接池 for quartz -->
		<bean id="quartzDataSource" class="org.springframework.jdbc.datasource.SimpleDriverDataSource">
			<property name="driverClass" value="${quartz.jdbc.driver}" />
			<property name="url" value="${quartz.jdbc.url}" />
			<property name="username" value="${quartz.jdbc.username}" />
			<property name="password" value="${quartz.jdbc.password}" />
		</bean>
		
		<!-- 初始化数据结构与默认数据 -->
		<jdbc:initialize-database data-source="dataSource" ignore-failures="ALL">
			<jdbc:script location="classpath:sql/h2/schema.sql" />
			<jdbc:script location="classpath:data/import-data.sql" encoding="UTF-8" />
		</jdbc:initialize-database>

		<jdbc:initialize-database data-source="quartzDataSource" ignore-failures="ALL">
			<jdbc:script location="classpath:sql/h2/quartz.sql" />
		</jdbc:initialize-database>
	</beans>
</beans>