<?xml version="1.0" encoding="UTF-8"?>
<beans xmlns="http://www.springframework.org/schema/beans"
	xmlns:xsi="http://www.w3.org/2001/XMLSchema-instance"
	xmlns:context="http://www.springframework.org/schema/context"
	xmlns:mvc="http://www.springframework.org/schema/mvc"
	xsi:schemaLocation="http://www.springframework.org/schema/mvc http://www.springframework.org/schema/mvc/spring-mvc-3.1.xsd
		http://www.springframework.org/schema/beans http://www.springframework.org/schema/beans/spring-beans-3.1.xsd
		http://www.springframework.org/schema/context http://www.springframework.org/schema/context/spring-context-3.1.xsd">

	<!-- 自动扫描且只扫描@Controller -->
	<context:component-scan base-package="org.springside.examples.showcase" use-default-filters="false">
		<context:include-filter type="annotation" expression="org.springframework.stereotype.Controller"/>
	</context:component-scan>
	
	<mvc:annotation-driven/>
	
	<!-- 将无法mapping到Controller的path交给default servlet handler处理 -->
	<mvc:default-servlet-handler/>
	
	<!-- 定义JSP文件的位置 -->  
	<bean class="org.springframework.web.servlet.view.InternalResourceViewResolver">
		<property name="prefix" value="/WEB-INF/views/"/>
		<property name="suffix" value=".jsp"/>
	</bean>
	
	<!-- 定义无Controller的path<->view直接映射 -->
	<mvc:view-controller path="/" view-name="index"/>
	<mvc:view-controller path="/web/mashup-client" view-name="/web/mashup-client"/>
	
	<!-- 支持 Shiro对Controller的方法级AOP安全控制 begin-->
	<bean class="org.springframework.aop.framework.autoproxy.DefaultAdvisorAutoProxyCreator" depends-on="lifecycleBeanPostProcessor">
		<property name="proxyTargetClass" value="true" />
	</bean>
	
	<bean class="org.apache.shiro.spring.security.interceptor.AuthorizationAttributeSourceAdvisor">
    	<property name="securityManager" ref="securityManager"/>
	</bean>
	
	<bean class="org.springframework.web.servlet.handler.SimpleMappingExceptionResolver">  
		<property name="exceptionMappings">  
			<props>  
				<prop key="org.springframework.validation.BindException">error/400</prop>
				<prop key="org.apache.shiro.authz.UnauthorizedException">error/403</prop>  
            </props>  
		</property>  
    </bean> 
	<!-- end -->
</beans>
